-- phpMyAdmin SQL Dump
-- version 5.2.1
-- https://www.phpmyadmin.net/
--
-- Host: 127.0.0.1
-- Generation Time: Aug 02, 2024 at 12:15 AM
-- Server version: 10.4.32-MariaDB
-- PHP Version: 8.2.12

SET SQL_MODE = "NO_AUTO_VALUE_ON_ZERO";
START TRANSACTION;
SET time_zone = "+00:00";


/*!40101 SET @OLD_CHARACTER_SET_CLIENT=@@CHARACTER_SET_CLIENT */;
/*!40101 SET @OLD_CHARACTER_SET_RESULTS=@@CHARACTER_SET_RESULTS */;
/*!40101 SET @OLD_COLLATION_CONNECTION=@@COLLATION_CONNECTION */;
/*!40101 SET NAMES utf8mb4 */;

--
-- Database: `emsdb`
--

-- --------------------------------------------------------

--
-- Table structure for table `attendance`
--

CREATE TABLE `attendance` (
  `empId` varchar(10) NOT NULL,
  `date` date NOT NULL,
  `workHours` int(11) DEFAULT NULL,
  `overTimeHours` int(11) DEFAULT NULL
) ENGINE=InnoDB DEFAULT CHARSET=utf8mb4 COLLATE=utf8mb4_general_ci;

--
-- Dumping data for table `attendance`
--

INSERT INTO `attendance` (`empId`, `date`, `workHours`, `overTimeHours`) VALUES
('EMP1', '2024-06-01', 6, 2),
('EMP1', '2024-06-02', 8, 0),
('EMP1', '2024-06-06', 8, 0),
('EMP1', '2024-06-07', 7, 0),
('EMP1', '2024-07-01', 8, 1),
('EMP1', '2024-07-02', 9, 0),
('EMP1', '2024-07-03', 8, 0),
('EMP1', '2024-07-04', 8, 2),
('EMP1', '2024-07-05', 9, 0),
('EMP1', '2024-07-06', 8, 0),
('EMP1', '2024-07-07', 8, 1),
('EMP1', '2024-07-08', 9, 1),
('EMP1', '2024-07-09', 8, 0),
('EMP1', '2024-07-10', 8, 0),
('EMP1', '2024-07-11', 8, 2),
('EMP1', '2024-07-12', 9, 0),
('EMP1', '2024-07-13', 8, 0),
('EMP1', '2024-07-14', 8, 1),
('EMP1', '2024-07-15', 9, 0),
('EMP1', '2024-07-16', 8, 1),
('EMP1', '2024-07-17', 8, 0),
('EMP1', '2024-07-18', 9, 0),
('EMP1', '2024-07-19', 8, 2),
('EMP1', '2024-07-20', 8, 0),
('EMP1', '2024-07-21', 9, 1),
('EMP1', '2024-07-22', 8, 0),
('EMP1', '2024-07-23', 8, 0),
('EMP1', '2024-07-24', 9, 2),
('EMP1', '2024-07-25', 8, 0),
('EMP1', '2024-07-26', 8, 1),
('EMP1', '2024-07-27', 9, 0),
('EMP1', '2024-07-28', 8, 0),
('EMP1', '2024-07-29', 8, 1),
('EMP1', '2024-07-30', 8, 0),
('EMP10', '2024-06-01', 6, 0),
('EMP10', '2024-06-02', 8, 0),
('EMP10', '2024-06-06', 8, 0),
('EMP10', '2024-06-07', 7, 0),
('EMP10', '2024-07-29', 8, 0),
('EMP10', '2024-07-30', 8, 0),
('EMP100', '2024-06-01', 6, 0),
('EMP100', '2024-06-02', 8, 0),
('EMP100', '2024-06-06', 8, 0),
('EMP100', '2024-06-07', 7, 0),
('EMP100', '2024-07-29', 8, 0),
('EMP100', '2024-07-30', 8, 0),
('EMP101', '2024-06-01', 6, 0),
('EMP101', '2024-06-02', 8, 0),
('EMP101', '2024-06-06', 8, 0),
('EMP101', '2024-06-07', 7, 0),
('EMP101', '2024-07-29', 8, 0),
('EMP101', '2024-07-30', 8, 0),
('EMP102', '2024-06-01', 6, 0),
('EMP102', '2024-06-02', 8, 0),
('EMP102', '2024-06-06', 8, 0),
('EMP102', '2024-06-07', 7, 0),
('EMP102', '2024-07-29', 8, 0),
('EMP102', '2024-07-30', 8, 0),
('EMP103', '2024-06-01', 6, 0),
('EMP103', '2024-06-02', 8, 0),
('EMP103', '2024-06-06', 8, 0),
('EMP103', '2024-06-07', 7, 0),
('EMP103', '2024-07-29', 8, 0),
('EMP103', '2024-07-30', 8, 0),
('EMP104', '2024-06-01', 6, 0),
('EMP104', '2024-06-02', 8, 0),
('EMP104', '2024-06-06', 8, 0),
('EMP104', '2024-06-07', 7, 0),
('EMP104', '2024-07-29', 8, 0),
('EMP104', '2024-07-30', 8, 0),
('EMP105', '2024-06-01', 6, 0),
('EMP105', '2024-06-02', 8, 0),
('EMP105', '2024-06-06', 8, 0),
('EMP105', '2024-06-07', 7, 0),
('EMP105', '2024-07-29', 8, 0),
('EMP105', '2024-07-30', 8, 0),
('EMP106', '2024-06-01', 6, 0),
('EMP106', '2024-06-02', 8, 0),
('EMP106', '2024-06-06', 8, 0),
('EMP106', '2024-06-07', 7, 0),
('EMP106', '2024-07-29', 8, 0),
('EMP106', '2024-07-30', 8, 0),
('EMP107', '2024-06-01', 6, 0),
('EMP107', '2024-06-02', 8, 0),
('EMP107', '2024-06-06', 8, 0),
('EMP107', '2024-06-07', 7, 0),
('EMP107', '2024-07-29', 8, 0),
('EMP107', '2024-07-30', 8, 0),
('EMP108', '2024-06-01', 6, 0),
('EMP108', '2024-06-02', 8, 0),
('EMP108', '2024-06-06', 8, 0),
('EMP108', '2024-06-07', 7, 0),
('EMP108', '2024-07-29', 8, 0),
('EMP108', '2024-07-30', 8, 0),
('EMP109', '2024-06-01', 6, 0),
('EMP109', '2024-06-02', 8, 0),
('EMP109', '2024-06-06', 8, 0),
('EMP109', '2024-06-07', 7, 0),
('EMP109', '2024-07-29', 8, 0),
('EMP109', '2024-07-30', 8, 0),
('EMP11', '2024-06-01', 6, 0),
('EMP11', '2024-06-02', 8, 0),
('EMP11', '2024-06-06', 8, 0),
('EMP11', '2024-06-07', 7, 0),
('EMP11', '2024-07-29', 8, 0),
('EMP11', '2024-07-30', 8, 0),
('EMP110', '2024-06-01', 6, 0),
('EMP110', '2024-06-02', 8, 0),
('EMP110', '2024-06-06', 8, 0),
('EMP110', '2024-06-07', 7, 0),
('EMP110', '2024-07-29', 8, 0),
('EMP110', '2024-07-30', 8, 0),
('EMP111', '2024-06-01', 6, 0),
('EMP111', '2024-06-02', 8, 0),
('EMP111', '2024-06-06', 8, 0),
('EMP111', '2024-06-07', 7, 0),
('EMP111', '2024-07-29', 8, 0),
('EMP111', '2024-07-30', 8, 0),
('EMP112', '2024-06-01', 6, 0),
('EMP112', '2024-06-02', 8, 0),
('EMP112', '2024-06-06', 8, 0),
('EMP112', '2024-06-07', 7, 0),
('EMP112', '2024-07-29', 8, 0),
('EMP112', '2024-07-30', 8, 0),
('EMP113', '2024-06-01', 6, 0),
('EMP113', '2024-06-02', 8, 0),
('EMP113', '2024-06-06', 8, 0),
('EMP113', '2024-06-07', 7, 0),
('EMP113', '2024-07-29', 8, 0),
('EMP113', '2024-07-30', 8, 0),
('EMP114', '2024-06-01', 6, 0),
('EMP114', '2024-06-02', 8, 0),
('EMP114', '2024-06-06', 8, 0),
('EMP114', '2024-06-07', 7, 0),
('EMP114', '2024-07-29', 8, 0),
('EMP114', '2024-07-30', 8, 0),
('EMP115', '2024-06-01', 6, 0),
('EMP115', '2024-06-02', 8, 0),
('EMP115', '2024-06-06', 8, 0),
('EMP115', '2024-06-07', 7, 0),
('EMP115', '2024-07-29', 8, 0),
('EMP115', '2024-07-30', 8, 0),
('EMP116', '2024-06-01', 6, 0),
('EMP116', '2024-06-02', 8, 0),
('EMP116', '2024-06-06', 8, 0),
('EMP116', '2024-06-07', 7, 0),
('EMP116', '2024-07-29', 8, 0),
('EMP116', '2024-07-30', 8, 0),
('EMP117', '2024-06-01', 6, 0),
('EMP117', '2024-06-02', 8, 0),
('EMP117', '2024-06-06', 8, 0),
('EMP117', '2024-06-07', 7, 0),
('EMP117', '2024-07-29', 8, 0),
('EMP117', '2024-07-30', 8, 0),
('EMP118', '2024-06-01', 6, 0),
('EMP118', '2024-06-02', 8, 0),
('EMP118', '2024-06-06', 8, 0),
('EMP118', '2024-06-07', 7, 0),
('EMP118', '2024-07-29', 8, 0),
('EMP118', '2024-07-30', 8, 0),
('EMP119', '2024-06-01', 6, 0),
('EMP119', '2024-06-02', 8, 0),
('EMP119', '2024-06-06', 8, 0),
('EMP119', '2024-06-07', 7, 0),
('EMP119', '2024-07-29', 8, 0),
('EMP119', '2024-07-30', 8, 0),
('EMP12', '2024-06-01', 6, 0),
('EMP12', '2024-06-02', 8, 0),
('EMP12', '2024-06-06', 8, 0),
('EMP12', '2024-06-07', 7, 0),
('EMP12', '2024-07-29', 8, 0),
('EMP12', '2024-07-30', 8, 0),
('EMP120', '2024-06-01', 6, 0),
('EMP120', '2024-06-02', 8, 0),
('EMP120', '2024-06-06', 8, 0),
('EMP120', '2024-06-07', 7, 0),
('EMP120', '2024-07-29', 8, 0),
('EMP120', '2024-07-30', 8, 0),
('EMP121', '2024-06-01', 6, 0),
('EMP121', '2024-06-02', 8, 0),
('EMP121', '2024-06-06', 8, 0),
('EMP121', '2024-06-07', 7, 0),
('EMP121', '2024-07-29', 8, 0),
('EMP121', '2024-07-30', 8, 0),
('EMP122', '2024-06-01', 6, 0),
('EMP122', '2024-06-02', 8, 0),
('EMP122', '2024-06-06', 8, 0),
('EMP122', '2024-06-07', 7, 0),
('EMP122', '2024-07-29', 8, 0),
('EMP122', '2024-07-30', 8, 0),
('EMP123', '2024-06-01', 6, 0),
('EMP123', '2024-06-02', 8, 0),
('EMP123', '2024-06-06', 8, 0),
('EMP123', '2024-06-07', 7, 0),
('EMP123', '2024-07-29', 8, 0),
('EMP123', '2024-07-30', 8, 0),
('EMP124', '2024-06-01', 6, 0),
('EMP124', '2024-06-02', 8, 0),
('EMP124', '2024-06-06', 8, 0),
('EMP124', '2024-06-07', 7, 0),
('EMP124', '2024-07-29', 8, 0),
('EMP124', '2024-07-30', 8, 0),
('EMP125', '2024-06-01', 6, 0),
('EMP125', '2024-06-02', 8, 0),
('EMP125', '2024-06-06', 8, 0),
('EMP125', '2024-06-07', 7, 0),
('EMP125', '2024-07-29', 8, 0),
('EMP125', '2024-07-30', 8, 0),
('EMP126', '2024-06-01', 6, 0),
('EMP126', '2024-06-02', 8, 0),
('EMP126', '2024-06-06', 8, 0),
('EMP126', '2024-06-07', 7, 0),
('EMP126', '2024-07-29', 8, 0),
('EMP126', '2024-07-30', 8, 0),
('EMP127', '2024-06-01', 6, 0),
('EMP127', '2024-06-02', 8, 0),
('EMP127', '2024-06-06', 8, 0),
('EMP127', '2024-06-07', 7, 0),
('EMP127', '2024-07-29', 8, 0),
('EMP127', '2024-07-30', 8, 0),
('EMP128', '2024-06-01', 6, 0),
('EMP128', '2024-06-02', 8, 0),
('EMP128', '2024-06-06', 8, 0),
('EMP128', '2024-06-07', 7, 0),
('EMP128', '2024-07-29', 8, 0),
('EMP128', '2024-07-30', 8, 0),
('EMP129', '2024-06-01', 6, 0),
('EMP129', '2024-06-02', 8, 0),
('EMP129', '2024-06-06', 8, 0),
('EMP129', '2024-06-07', 7, 0),
('EMP129', '2024-07-29', 8, 0),
('EMP129', '2024-07-30', 8, 0),
('EMP13', '2024-06-01', 6, 2),
('EMP13', '2024-06-02', 8, 0),
('EMP13', '2024-06-06', 8, 0),
('EMP13', '2024-06-07', 7, 0),
('EMP13', '2024-07-29', 8, 0),
('EMP13', '2024-07-30', 8, 0),
('EMP130', '2024-06-01', 6, 0),
('EMP130', '2024-06-02', 8, 0),
('EMP130', '2024-06-06', 8, 0),
('EMP130', '2024-06-07', 7, 0),
('EMP130', '2024-07-29', 8, 0),
('EMP130', '2024-07-30', 8, 0),
('EMP131', '2024-06-01', 6, 0),
('EMP131', '2024-06-02', 8, 0),
('EMP131', '2024-06-06', 8, 0),
('EMP131', '2024-06-07', 7, 0),
('EMP131', '2024-07-29', 8, 0),
('EMP131', '2024-07-30', 8, 0),
('EMP132', '2024-06-01', 6, 0),
('EMP132', '2024-06-02', 8, 0),
('EMP132', '2024-06-06', 8, 0),
('EMP132', '2024-06-07', 7, 0),
('EMP132', '2024-07-29', 8, 0),
('EMP132', '2024-07-30', 8, 0),
('EMP133', '2024-06-01', 6, 0),
('EMP133', '2024-06-02', 8, 0),
('EMP133', '2024-06-06', 8, 0),
('EMP133', '2024-06-07', 7, 0),
('EMP133', '2024-07-29', 8, 0),
('EMP133', '2024-07-30', 8, 0),
('EMP134', '2024-06-01', 6, 0),
('EMP134', '2024-06-02', 8, 0),
('EMP134', '2024-06-06', 8, 0),
('EMP134', '2024-06-07', 7, 0),
('EMP134', '2024-07-29', 8, 0),
('EMP134', '2024-07-30', 8, 0),
('EMP135', '2024-06-01', 6, 0),
('EMP135', '2024-06-02', 8, 0),
('EMP135', '2024-06-06', 8, 0),
('EMP135', '2024-06-07', 7, 0),
('EMP135', '2024-07-29', 8, 0),
('EMP135', '2024-07-30', 8, 0),
('EMP136', '2024-06-01', 6, 0),
('EMP136', '2024-06-02', 8, 0),
('EMP136', '2024-06-06', 8, 0),
('EMP136', '2024-06-07', 7, 0),
('EMP136', '2024-07-29', 8, 0),
('EMP136', '2024-07-30', 8, 0),
('EMP137', '2024-06-01', 6, 0),
('EMP137', '2024-06-02', 8, 0),
('EMP137', '2024-06-06', 8, 0),
('EMP137', '2024-06-07', 7, 0),
('EMP137', '2024-07-29', 8, 0),
('EMP137', '2024-07-30', 8, 0),
('EMP138', '2024-06-01', 6, 0),
('EMP138', '2024-06-02', 8, 0),
('EMP138', '2024-06-06', 8, 0),
('EMP138', '2024-06-07', 7, 0),
('EMP138', '2024-07-29', 8, 0),
('EMP138', '2024-07-30', 8, 0),
('EMP139', '2024-06-01', 6, 0),
('EMP139', '2024-06-02', 8, 0),
('EMP139', '2024-06-06', 8, 0),
('EMP139', '2024-06-07', 7, 0),
('EMP139', '2024-07-29', 8, 0),
('EMP139', '2024-07-30', 8, 0),
('EMP14', '2024-06-01', 6, 0),
('EMP14', '2024-06-02', 8, 0),
('EMP14', '2024-06-06', 8, 0),
('EMP14', '2024-06-07', 7, 0),
('EMP14', '2024-07-29', 8, 0),
('EMP14', '2024-07-30', 8, 0),
('EMP140', '2024-06-01', 6, 0),
('EMP140', '2024-06-02', 8, 0),
('EMP140', '2024-06-06', 8, 0),
('EMP140', '2024-06-07', 7, 0),
('EMP140', '2024-07-29', 8, 0),
('EMP140', '2024-07-30', 8, 0),
('EMP141', '2024-06-01', 6, 0),
('EMP141', '2024-06-02', 8, 0),
('EMP141', '2024-06-06', 8, 0),
('EMP141', '2024-06-07', 7, 0),
('EMP141', '2024-07-29', 8, 0),
('EMP141', '2024-07-30', 8, 0),
('EMP142', '2024-06-01', 6, 0),
('EMP142', '2024-06-02', 8, 0),
('EMP142', '2024-06-06', 8, 0),
('EMP142', '2024-06-07', 7, 0),
('EMP142', '2024-07-29', 8, 0),
('EMP142', '2024-07-30', 8, 0),
('EMP143', '2024-06-01', 6, 0),
('EMP143', '2024-06-02', 8, 0),
('EMP143', '2024-06-06', 8, 0),
('EMP143', '2024-06-07', 7, 0),
('EMP143', '2024-07-29', 8, 0),
('EMP143', '2024-07-30', 8, 0),
('EMP144', '2024-06-01', 6, 0),
('EMP144', '2024-06-02', 8, 0),
('EMP144', '2024-06-06', 8, 0),
('EMP144', '2024-06-07', 7, 0),
('EMP144', '2024-07-29', 8, 0),
('EMP144', '2024-07-30', 8, 0),
('EMP145', '2024-06-01', 6, 0),
('EMP145', '2024-06-02', 8, 0),
('EMP145', '2024-06-06', 8, 0),
('EMP145', '2024-06-07', 7, 0),
('EMP145', '2024-07-29', 8, 0),
('EMP145', '2024-07-30', 8, 0),
('EMP146', '2024-06-01', 6, 0),
('EMP146', '2024-06-02', 8, 0),
('EMP146', '2024-06-06', 8, 0),
('EMP146', '2024-06-07', 7, 0),
('EMP146', '2024-07-29', 8, 0),
('EMP146', '2024-07-30', 8, 0),
('EMP147', '2024-06-01', 6, 0),
('EMP147', '2024-06-02', 8, 0),
('EMP147', '2024-06-06', 8, 0),
('EMP147', '2024-06-07', 7, 0),
('EMP147', '2024-07-29', 8, 0),
('EMP147', '2024-07-30', 8, 0),
('EMP148', '2024-06-01', 6, 0),
('EMP148', '2024-06-02', 8, 0),
('EMP148', '2024-06-06', 8, 0),
('EMP148', '2024-06-07', 7, 0),
('EMP148', '2024-07-29', 8, 0),
('EMP148', '2024-07-30', 8, 0),
('EMP149', '2024-06-01', 6, 0),
('EMP149', '2024-06-02', 8, 0),
('EMP149', '2024-06-06', 8, 0),
('EMP149', '2024-06-07', 7, 0),
('EMP149', '2024-07-29', 8, 0),
('EMP149', '2024-07-30', 8, 0),
('EMP15', '2024-06-01', 6, 0),
('EMP15', '2024-06-02', 8, 0),
('EMP15', '2024-06-06', 8, 0),
('EMP15', '2024-06-07', 7, 0),
('EMP15', '2024-07-29', 8, 0),
('EMP15', '2024-07-30', 8, 0),
('EMP150', '2024-06-01', 6, 0),
('EMP150', '2024-06-02', 8, 0),
('EMP150', '2024-06-06', 8, 0),
('EMP150', '2024-06-07', 7, 0),
('EMP150', '2024-07-29', 8, 0),
('EMP150', '2024-07-30', 8, 0),
('EMP16', '2024-06-01', 6, 0),
('EMP16', '2024-06-02', 8, 0),
('EMP16', '2024-06-06', 8, 0),
('EMP16', '2024-06-07', 7, 0),
('EMP16', '2024-07-29', 8, 0),
('EMP16', '2024-07-30', 8, 0),
('EMP17', '2024-06-01', 6, 0),
('EMP17', '2024-06-02', 8, 0),
('EMP17', '2024-06-06', 8, 0),
('EMP17', '2024-06-07', 7, 0),
('EMP17', '2024-07-29', 8, 0),
('EMP17', '2024-07-30', 8, 0),
('EMP18', '2024-06-01', 6, 0),
('EMP18', '2024-06-02', 8, 0),
('EMP18', '2024-06-06', 8, 0),
('EMP18', '2024-06-07', 7, 0),
('EMP18', '2024-07-29', 8, 0),
('EMP18', '2024-07-30', 8, 0),
('EMP19', '2024-06-01', 6, 0),
('EMP19', '2024-06-02', 8, 0),
('EMP19', '2024-06-06', 8, 0),
('EMP19', '2024-06-07', 7, 0),
('EMP19', '2024-07-29', 8, 0),
('EMP19', '2024-07-30', 8, 0),
('EMP2', '2024-06-01', 6, 0),
('EMP2', '2024-06-02', 8, 3),
('EMP2', '2024-06-06', 8, 0),
('EMP2', '2024-06-07', 7, 0),
('EMP2', '2024-07-01', 8, 2),
('EMP2', '2024-07-02', 8, 1),
('EMP2', '2024-07-03', 7, 1),
('EMP2', '2024-07-04', 8, 0),
('EMP2', '2024-07-05', 9, 2),
('EMP2', '2024-07-06', 6, 3),
('EMP2', '2024-07-07', 8, 0),
('EMP2', '2024-07-08', 8, 1),
('EMP2', '2024-07-09', 9, 1),
('EMP2', '2024-07-10', 8, 0),
('EMP2', '2024-07-11', 7, 2),
('EMP2', '2024-07-12', 8, 1),
('EMP2', '2024-07-13', 8, 0),
('EMP2', '2024-07-14', 8, 2),
('EMP2', '2024-07-15', 9, 1),
('EMP2', '2024-07-16', 8, 0),
('EMP2', '2024-07-17', 8, 1),
('EMP2', '2024-07-18', 7, 2),
('EMP2', '2024-07-19', 8, 0),
('EMP2', '2024-07-20', 9, 1),
('EMP2', '2024-07-21', 8, 1),
('EMP2', '2024-07-22', 8, 0),
('EMP2', '2024-07-23', 8, 2),
('EMP2', '2024-07-24', 9, 1),
('EMP2', '2024-07-25', 8, 0),
('EMP2', '2024-07-26', 7, 1),
('EMP2', '2024-07-27', 8, 1),
('EMP2', '2024-07-28', 8, 0),
('EMP2', '2024-07-29', 8, 0),
('EMP2', '2024-07-30', 8, 0),
('EMP2', '2024-07-31', 9, 1),
('EMP20', '2024-06-01', 6, 0),
('EMP20', '2024-06-02', 8, 0),
('EMP20', '2024-06-06', 8, 0),
('EMP20', '2024-06-07', 7, 0),
('EMP20', '2024-07-29', 8, 0),
('EMP20', '2024-07-30', 8, 0),
('EMP21', '2024-06-01', 6, 0),
('EMP21', '2024-06-02', 8, 0),
('EMP21', '2024-06-06', 8, 0),
('EMP21', '2024-06-07', 7, 0),
('EMP21', '2024-07-29', 8, 0),
('EMP21', '2024-07-30', 8, 0),
('EMP22', '2024-06-01', 6, 0),
('EMP22', '2024-06-02', 8, 0),
('EMP22', '2024-06-06', 8, 0),
('EMP22', '2024-06-07', 7, 0),
('EMP22', '2024-07-29', 8, 0),
('EMP22', '2024-07-30', 8, 0),
('EMP23', '2024-06-01', 6, 0),
('EMP23', '2024-06-02', 8, 0),
('EMP23', '2024-06-06', 8, 0),
('EMP23', '2024-06-07', 7, 0),
('EMP23', '2024-07-29', 8, 0),
('EMP23', '2024-07-30', 8, 0),
('EMP24', '2024-06-01', 6, 0),
('EMP24', '2024-06-02', 8, 0),
('EMP24', '2024-06-06', 8, 0),
('EMP24', '2024-06-07', 7, 0),
('EMP24', '2024-07-29', 8, 0),
('EMP24', '2024-07-30', 8, 0),
('EMP25', '2024-06-01', 6, 0),
('EMP25', '2024-06-02', 8, 0),
('EMP25', '2024-06-06', 8, 0),
('EMP25', '2024-06-07', 7, 0),
('EMP25', '2024-07-29', 8, 0),
('EMP25', '2024-07-30', 8, 0),
('EMP26', '2024-06-01', 6, 0),
('EMP26', '2024-06-02', 8, 0),
('EMP26', '2024-06-06', 8, 0),
('EMP26', '2024-06-07', 7, 0),
('EMP26', '2024-07-29', 8, 0),
('EMP26', '2024-07-30', 8, 0),
('EMP27', '2024-06-01', 6, 0),
('EMP27', '2024-06-02', 8, 0),
('EMP27', '2024-06-06', 8, 0),
('EMP27', '2024-06-07', 7, 0),
('EMP27', '2024-07-29', 8, 0),
('EMP27', '2024-07-30', 8, 0),
('EMP28', '2024-06-01', 6, 0),
('EMP28', '2024-06-02', 8, 0),
('EMP28', '2024-06-06', 8, 0),
('EMP28', '2024-06-07', 7, 0),
('EMP28', '2024-07-29', 8, 0),
('EMP28', '2024-07-30', 8, 0),
('EMP29', '2024-06-01', 6, 0),
('EMP29', '2024-06-02', 8, 0),
('EMP29', '2024-06-06', 8, 0),
('EMP29', '2024-06-07', 7, 0),
('EMP29', '2024-07-29', 8, 0),
('EMP29', '2024-07-30', 8, 0),
('EMP3', '2024-06-01', 6, 3),
('EMP3', '2024-06-02', 8, 0),
('EMP3', '2024-06-06', 8, 0),
('EMP3', '2024-06-07', 7, 0),
('EMP3', '2024-07-29', 8, 0),
('EMP3', '2024-07-30', 8, 0),
('EMP30', '2024-06-01', 6, 0),
('EMP30', '2024-06-02', 8, 0),
('EMP30', '2024-06-06', 8, 0),
('EMP30', '2024-06-07', 7, 0),
('EMP30', '2024-07-29', 8, 0),
('EMP30', '2024-07-30', 8, 0),
('EMP31', '2024-06-01', 6, 0),
('EMP31', '2024-06-02', 8, 0),
('EMP31', '2024-06-06', 8, 0),
('EMP31', '2024-06-07', 7, 0),
('EMP31', '2024-07-29', 8, 0),
('EMP31', '2024-07-30', 8, 0),
('EMP32', '2024-06-01', 6, 0),
('EMP32', '2024-06-02', 8, 0),
('EMP32', '2024-06-06', 8, 0),
('EMP32', '2024-06-07', 7, 0),
('EMP32', '2024-07-29', 8, 0),
('EMP32', '2024-07-30', 8, 0),
('EMP33', '2024-06-01', 6, 0),
('EMP33', '2024-06-02', 8, 0),
('EMP33', '2024-06-06', 8, 0),
('EMP33', '2024-06-07', 7, 0),
('EMP33', '2024-07-29', 8, 0),
('EMP33', '2024-07-30', 8, 0),
('EMP34', '2024-06-01', 6, 0),
('EMP34', '2024-06-02', 8, 0),
('EMP34', '2024-06-06', 8, 0),
('EMP34', '2024-06-07', 7, 0),
('EMP34', '2024-07-29', 8, 0),
('EMP34', '2024-07-30', 8, 0),
('EMP35', '2024-06-01', 6, 0),
('EMP35', '2024-06-02', 8, 0),
('EMP35', '2024-06-06', 8, 0),
('EMP35', '2024-06-07', 7, 0),
('EMP35', '2024-07-29', 8, 0),
('EMP35', '2024-07-30', 8, 0),
('EMP36', '2024-06-01', 6, 0),
('EMP36', '2024-06-02', 8, 0),
('EMP36', '2024-06-06', 8, 0),
('EMP36', '2024-06-07', 7, 0),
('EMP36', '2024-07-29', 8, 0),
('EMP36', '2024-07-30', 8, 0),
('EMP37', '2024-06-01', 6, 0),
('EMP37', '2024-06-02', 8, 0),
('EMP37', '2024-06-06', 8, 0),
('EMP37', '2024-06-07', 7, 0),
('EMP37', '2024-07-29', 8, 0),
('EMP37', '2024-07-30', 8, 0),
('EMP38', '2024-06-01', 6, 0),
('EMP38', '2024-06-02', 8, 0),
('EMP38', '2024-06-06', 8, 0),
('EMP38', '2024-06-07', 7, 0),
('EMP38', '2024-07-29', 8, 0),
('EMP38', '2024-07-30', 8, 0),
('EMP39', '2024-06-01', 6, 0),
('EMP39', '2024-06-02', 8, 0),
('EMP39', '2024-06-06', 8, 0),
('EMP39', '2024-06-07', 7, 0),
('EMP39', '2024-07-29', 8, 0),
('EMP39', '2024-07-30', 8, 0),
('EMP4', '2024-06-01', 6, 0),
('EMP4', '2024-06-02', 8, 0),
('EMP4', '2024-06-06', 8, 0),
('EMP4', '2024-06-07', 7, 0),
('EMP4', '2024-07-29', 8, 3),
('EMP4', '2024-07-30', 8, 0),
('EMP40', '2024-06-01', 6, 0),
('EMP40', '2024-06-02', 8, 0),
('EMP40', '2024-06-06', 8, 0),
('EMP40', '2024-06-07', 7, 0),
('EMP40', '2024-07-29', 8, 0),
('EMP40', '2024-07-30', 8, 0),
('EMP41', '2024-06-01', 6, 0),
('EMP41', '2024-06-02', 8, 0),
('EMP41', '2024-06-06', 8, 0),
('EMP41', '2024-06-07', 7, 0),
('EMP41', '2024-07-29', 8, 0),
('EMP41', '2024-07-30', 8, 0),
('EMP42', '2024-06-01', 6, 0),
('EMP42', '2024-06-02', 8, 0),
('EMP42', '2024-06-06', 8, 0),
('EMP42', '2024-06-07', 7, 0),
('EMP42', '2024-07-29', 8, 0),
('EMP42', '2024-07-30', 8, 0),
('EMP43', '2024-06-01', 6, 0),
('EMP43', '2024-06-02', 8, 0),
('EMP43', '2024-06-06', 8, 0),
('EMP43', '2024-06-07', 7, 0),
('EMP43', '2024-07-29', 8, 0),
('EMP43', '2024-07-30', 8, 0),
('EMP44', '2024-06-01', 6, 0),
('EMP44', '2024-06-02', 8, 0),
('EMP44', '2024-06-06', 8, 0),
('EMP44', '2024-06-07', 7, 0),
('EMP44', '2024-07-29', 8, 0),
('EMP44', '2024-07-30', 8, 0),
('EMP45', '2024-06-01', 6, 0),
('EMP45', '2024-06-02', 8, 0),
('EMP45', '2024-06-06', 8, 0),
('EMP45', '2024-06-07', 7, 0),
('EMP45', '2024-07-29', 8, 0),
('EMP45', '2024-07-30', 8, 0),
('EMP46', '2024-06-01', 6, 0),
('EMP46', '2024-06-02', 8, 0),
('EMP46', '2024-06-06', 8, 0),
('EMP46', '2024-06-07', 7, 0),
('EMP46', '2024-07-29', 8, 0),
('EMP46', '2024-07-30', 8, 0),
('EMP47', '2024-06-01', 6, 0),
('EMP47', '2024-06-02', 8, 0),
('EMP47', '2024-06-06', 8, 0),
('EMP47', '2024-06-07', 7, 0),
('EMP47', '2024-07-29', 8, 0),
('EMP47', '2024-07-30', 8, 0),
('EMP48', '2024-06-01', 6, 0),
('EMP48', '2024-06-02', 8, 0),
('EMP48', '2024-06-06', 8, 0),
('EMP48', '2024-06-07', 7, 0),
('EMP48', '2024-07-29', 8, 0),
('EMP48', '2024-07-30', 8, 0),
('EMP49', '2024-06-01', 6, 0),
('EMP49', '2024-06-02', 8, 0),
('EMP49', '2024-06-06', 8, 0),
('EMP49', '2024-06-07', 7, 0),
('EMP49', '2024-07-29', 8, 0),
('EMP49', '2024-07-30', 8, 0),
('EMP5', '2024-06-01', 6, 0),
('EMP5', '2024-06-02', 8, 0),
('EMP5', '2024-06-06', 8, 0),
('EMP5', '2024-06-07', 7, 0),
('EMP5', '2024-07-29', 8, 0),
('EMP5', '2024-07-30', 8, 0),
('EMP50', '2024-06-01', 6, 0),
('EMP50', '2024-06-02', 8, 0),
('EMP50', '2024-06-06', 8, 0),
('EMP50', '2024-06-07', 7, 0),
('EMP50', '2024-07-29', 8, 0),
('EMP50', '2024-07-30', 8, 0),
('EMP51', '2024-06-01', 6, 0),
('EMP51', '2024-06-02', 8, 0),
('EMP51', '2024-06-06', 8, 0),
('EMP51', '2024-06-07', 7, 0),
('EMP51', '2024-07-29', 8, 0),
('EMP51', '2024-07-30', 8, 0),
('EMP52', '2024-06-01', 6, 0),
('EMP52', '2024-06-02', 8, 0),
('EMP52', '2024-06-06', 8, 0),
('EMP52', '2024-06-07', 7, 0),
('EMP52', '2024-07-29', 8, 0),
('EMP52', '2024-07-30', 8, 0),
('EMP53', '2024-06-01', 6, 0),
('EMP53', '2024-06-02', 8, 0),
('EMP53', '2024-06-06', 8, 0),
('EMP53', '2024-06-07', 7, 0),
('EMP53', '2024-07-29', 8, 0),
('EMP53', '2024-07-30', 8, 0),
('EMP54', '2024-06-01', 6, 0),
('EMP54', '2024-06-02', 8, 0),
('EMP54', '2024-06-06', 8, 0),
('EMP54', '2024-06-07', 7, 0),
('EMP54', '2024-07-29', 8, 0),
('EMP54', '2024-07-30', 8, 0),
('EMP55', '2024-06-01', 6, 0),
('EMP55', '2024-06-02', 8, 0),
('EMP55', '2024-06-06', 8, 0),
('EMP55', '2024-06-07', 7, 0),
('EMP55', '2024-07-29', 8, 0),
('EMP55', '2024-07-30', 8, 0),
('EMP56', '2024-06-01', 6, 0),
('EMP56', '2024-06-02', 8, 0),
('EMP56', '2024-06-06', 8, 0),
('EMP56', '2024-06-07', 7, 0),
('EMP56', '2024-07-29', 8, 0),
('EMP56', '2024-07-30', 8, 0),
('EMP57', '2024-06-01', 6, 0),
('EMP57', '2024-06-02', 8, 0),
('EMP57', '2024-06-06', 8, 0),
('EMP57', '2024-06-07', 7, 0),
('EMP57', '2024-07-29', 8, 0),
('EMP57', '2024-07-30', 8, 0),
('EMP58', '2024-06-01', 6, 0),
('EMP58', '2024-06-02', 8, 0),
('EMP58', '2024-06-06', 8, 0),
('EMP58', '2024-06-07', 7, 0),
('EMP58', '2024-07-29', 8, 0),
('EMP58', '2024-07-30', 8, 0),
('EMP59', '2024-06-01', 6, 0),
('EMP59', '2024-06-02', 8, 0),
('EMP59', '2024-06-06', 8, 0),
('EMP59', '2024-06-07', 7, 0),
('EMP59', '2024-07-29', 8, 0),
('EMP59', '2024-07-30', 8, 0),
('EMP6', '2024-06-01', 6, 0),
('EMP6', '2024-06-02', 8, 0),
('EMP6', '2024-06-06', 8, 0),
('EMP6', '2024-06-07', 7, 0),
('EMP6', '2024-07-29', 8, 0),
('EMP6', '2024-07-30', 8, 0),
('EMP60', '2024-06-01', 6, 0),
('EMP60', '2024-06-02', 8, 0),
('EMP60', '2024-06-06', 8, 0),
('EMP60', '2024-06-07', 7, 0),
('EMP60', '2024-07-29', 8, 0),
('EMP60', '2024-07-30', 8, 0),
('EMP61', '2024-06-01', 6, 0),
('EMP61', '2024-06-02', 8, 0),
('EMP61', '2024-06-06', 8, 0),
('EMP61', '2024-06-07', 7, 0),
('EMP61', '2024-07-29', 8, 0),
('EMP61', '2024-07-30', 8, 0),
('EMP62', '2024-06-01', 6, 0),
('EMP62', '2024-06-02', 8, 0),
('EMP62', '2024-06-06', 8, 0),
('EMP62', '2024-06-07', 7, 0),
('EMP62', '2024-07-29', 8, 0),
('EMP62', '2024-07-30', 8, 0),
('EMP63', '2024-06-01', 6, 0),
('EMP63', '2024-06-02', 8, 0),
('EMP63', '2024-06-06', 8, 0),
('EMP63', '2024-06-07', 7, 0),
('EMP63', '2024-07-29', 8, 0),
('EMP63', '2024-07-30', 8, 0),
('EMP64', '2024-06-01', 6, 0),
('EMP64', '2024-06-02', 8, 0),
('EMP64', '2024-06-06', 8, 0),
('EMP64', '2024-06-07', 7, 0),
('EMP64', '2024-07-29', 8, 0),
('EMP64', '2024-07-30', 8, 0),
('EMP65', '2024-06-01', 6, 0),
('EMP65', '2024-06-02', 8, 0),
('EMP65', '2024-06-06', 8, 0),
('EMP65', '2024-06-07', 7, 0),
('EMP65', '2024-07-29', 8, 0),
('EMP65', '2024-07-30', 8, 0),
('EMP66', '2024-06-01', 6, 0),
('EMP66', '2024-06-02', 8, 0),
('EMP66', '2024-06-06', 8, 0),
('EMP66', '2024-06-07', 7, 0),
('EMP66', '2024-07-29', 8, 0),
('EMP66', '2024-07-30', 8, 0),
('EMP67', '2024-06-01', 6, 0),
('EMP67', '2024-06-02', 8, 0),
('EMP67', '2024-06-06', 8, 0),
('EMP67', '2024-06-07', 7, 0),
('EMP67', '2024-07-29', 8, 0),
('EMP67', '2024-07-30', 8, 0),
('EMP68', '2024-06-01', 6, 0),
('EMP68', '2024-06-02', 8, 0),
('EMP68', '2024-06-06', 8, 0),
('EMP68', '2024-06-07', 7, 0),
('EMP68', '2024-07-29', 8, 0),
('EMP68', '2024-07-30', 8, 0),
('EMP69', '2024-06-01', 6, 0),
('EMP69', '2024-06-02', 8, 0),
('EMP69', '2024-06-06', 8, 0),
('EMP69', '2024-06-07', 7, 0),
('EMP69', '2024-07-29', 8, 0),
('EMP69', '2024-07-30', 8, 0),
('EMP7', '2024-06-01', 6, 0),
('EMP7', '2024-06-02', 8, 0),
('EMP7', '2024-06-06', 8, 0),
('EMP7', '2024-06-07', 7, 0),
('EMP7', '2024-07-29', 8, 0),
('EMP7', '2024-07-30', 8, 0),
('EMP70', '2024-06-01', 6, 0),
('EMP70', '2024-06-02', 8, 0),
('EMP70', '2024-06-06', 8, 0),
('EMP70', '2024-06-07', 7, 0),
('EMP70', '2024-07-29', 8, 0),
('EMP70', '2024-07-30', 8, 0),
('EMP71', '2024-06-01', 6, 0),
('EMP71', '2024-06-02', 8, 0),
('EMP71', '2024-06-06', 8, 0),
('EMP71', '2024-06-07', 7, 0),
('EMP71', '2024-07-29', 8, 0),
('EMP71', '2024-07-30', 8, 0),
('EMP72', '2024-06-01', 6, 0),
('EMP72', '2024-06-02', 8, 0),
('EMP72', '2024-06-06', 8, 0),
('EMP72', '2024-06-07', 7, 0),
('EMP72', '2024-07-29', 8, 0),
('EMP72', '2024-07-30', 8, 0),
('EMP73', '2024-06-01', 6, 0),
('EMP73', '2024-06-02', 8, 0),
('EMP73', '2024-06-06', 8, 0),
('EMP73', '2024-06-07', 7, 0),
('EMP73', '2024-07-29', 8, 0),
('EMP73', '2024-07-30', 8, 0),
('EMP74', '2024-06-01', 6, 0),
('EMP74', '2024-06-02', 8, 0),
('EMP74', '2024-06-06', 8, 0),
('EMP74', '2024-06-07', 7, 0),
('EMP74', '2024-07-29', 8, 0),
('EMP74', '2024-07-30', 8, 0),
('EMP75', '2024-06-01', 6, 0),
('EMP75', '2024-06-02', 8, 0),
('EMP75', '2024-06-06', 8, 0),
('EMP75', '2024-06-07', 7, 0),
('EMP75', '2024-07-29', 8, 0),
('EMP75', '2024-07-30', 8, 0),
('EMP76', '2024-06-01', 6, 0),
('EMP76', '2024-06-02', 8, 0),
('EMP76', '2024-06-06', 8, 0),
('EMP76', '2024-06-07', 7, 0),
('EMP76', '2024-07-29', 8, 0),
('EMP76', '2024-07-30', 8, 0),
('EMP77', '2024-06-01', 6, 0),
('EMP77', '2024-06-02', 8, 0),
('EMP77', '2024-06-06', 8, 0),
('EMP77', '2024-06-07', 7, 0),
('EMP77', '2024-07-29', 8, 0),
('EMP77', '2024-07-30', 8, 0),
('EMP78', '2024-06-01', 6, 0),
('EMP78', '2024-06-02', 8, 0),
('EMP78', '2024-06-06', 8, 0),
('EMP78', '2024-06-07', 7, 0),
('EMP78', '2024-07-29', 8, 0),
('EMP78', '2024-07-30', 8, 0),
('EMP79', '2024-06-01', 6, 0),
('EMP79', '2024-06-02', 8, 0),
('EMP79', '2024-06-06', 8, 0),
('EMP79', '2024-06-07', 7, 0),
('EMP79', '2024-07-29', 8, 0),
('EMP79', '2024-07-30', 8, 0),
('EMP8', '2024-06-01', 6, 0),
('EMP8', '2024-06-02', 8, 0),
('EMP8', '2024-06-06', 8, 0),
('EMP8', '2024-06-07', 7, 0),
('EMP8', '2024-07-29', 8, 0),
('EMP8', '2024-07-30', 8, 0),
('EMP80', '2024-06-01', 6, 0),
('EMP80', '2024-06-02', 8, 0),
('EMP80', '2024-06-06', 8, 0),
('EMP80', '2024-06-07', 7, 0),
('EMP80', '2024-07-29', 8, 0),
('EMP80', '2024-07-30', 8, 0),
('EMP81', '2024-06-01', 6, 0),
('EMP81', '2024-06-02', 8, 0),
('EMP81', '2024-06-06', 8, 0),
('EMP81', '2024-06-07', 7, 0),
('EMP81', '2024-07-29', 8, 0),
('EMP81', '2024-07-30', 8, 0),
('EMP82', '2024-06-01', 6, 0),
('EMP82', '2024-06-02', 8, 0),
('EMP82', '2024-06-06', 8, 0),
('EMP82', '2024-06-07', 7, 0),
('EMP82', '2024-07-29', 8, 0),
('EMP82', '2024-07-30', 8, 0),
('EMP83', '2024-06-01', 6, 0),
('EMP83', '2024-06-02', 8, 0),
('EMP83', '2024-06-06', 8, 0),
('EMP83', '2024-06-07', 7, 0),
('EMP83', '2024-07-29', 8, 0),
('EMP83', '2024-07-30', 8, 0),
('EMP84', '2024-06-01', 6, 0),
('EMP84', '2024-06-02', 8, 0),
('EMP84', '2024-06-06', 8, 0),
('EMP84', '2024-06-07', 7, 0),
('EMP84', '2024-07-29', 8, 0),
('EMP84', '2024-07-30', 8, 0),
('EMP85', '2024-06-01', 6, 0),
('EMP85', '2024-06-02', 8, 0),
('EMP85', '2024-06-06', 8, 0),
('EMP85', '2024-06-07', 7, 0),
('EMP85', '2024-07-29', 8, 0),
('EMP85', '2024-07-30', 8, 0),
('EMP86', '2024-06-01', 6, 0),
('EMP86', '2024-06-02', 8, 0),
('EMP86', '2024-06-06', 8, 0),
('EMP86', '2024-06-07', 7, 0),
('EMP86', '2024-07-29', 8, 0),
('EMP86', '2024-07-30', 8, 0),
('EMP87', '2024-06-01', 6, 0),
('EMP87', '2024-06-02', 8, 0),
('EMP87', '2024-06-06', 8, 0),
('EMP87', '2024-06-07', 7, 0),
('EMP87', '2024-07-29', 8, 0),
('EMP87', '2024-07-30', 8, 0),
('EMP88', '2024-06-01', 6, 0),
('EMP88', '2024-06-02', 8, 0),
('EMP88', '2024-06-06', 8, 0),
('EMP88', '2024-06-07', 7, 0),
('EMP88', '2024-07-29', 8, 0),
('EMP88', '2024-07-30', 8, 0),
('EMP89', '2024-06-01', 6, 0),
('EMP89', '2024-06-02', 8, 0),
('EMP89', '2024-06-06', 8, 0),
('EMP89', '2024-06-07', 7, 0),
('EMP89', '2024-07-29', 8, 0),
('EMP89', '2024-07-30', 8, 0),
('EMP9', '2024-06-01', 6, 0),
('EMP9', '2024-06-02', 8, 0),
('EMP9', '2024-06-06', 8, 0),
('EMP9', '2024-06-07', 7, 0),
('EMP9', '2024-07-29', 8, 0),
('EMP9', '2024-07-30', 8, 0),
('EMP90', '2024-06-01', 6, 0),
('EMP90', '2024-06-02', 8, 0),
('EMP90', '2024-06-06', 8, 0),
('EMP90', '2024-06-07', 7, 0),
('EMP90', '2024-07-29', 8, 0),
('EMP90', '2024-07-30', 8, 0),
('EMP91', '2024-06-01', 6, 0),
('EMP91', '2024-06-02', 8, 0),
('EMP91', '2024-06-06', 8, 0),
('EMP91', '2024-06-07', 7, 0),
('EMP91', '2024-07-29', 8, 0),
('EMP91', '2024-07-30', 8, 0),
('EMP92', '2024-06-01', 6, 0),
('EMP92', '2024-06-02', 8, 0),
('EMP92', '2024-06-06', 8, 0),
('EMP92', '2024-06-07', 7, 0),
('EMP92', '2024-07-29', 8, 0),
('EMP92', '2024-07-30', 8, 0),
('EMP93', '2024-06-01', 6, 0),
('EMP93', '2024-06-02', 8, 0),
('EMP93', '2024-06-06', 8, 0),
('EMP93', '2024-06-07', 7, 0),
('EMP93', '2024-07-29', 8, 0),
('EMP93', '2024-07-30', 8, 0),
('EMP94', '2024-06-01', 6, 0),
('EMP94', '2024-06-02', 8, 0),
('EMP94', '2024-06-06', 8, 0),
('EMP94', '2024-06-07', 7, 0),
('EMP94', '2024-07-29', 8, 0),
('EMP94', '2024-07-30', 8, 0),
('EMP95', '2024-06-01', 6, 0),
('EMP95', '2024-06-02', 8, 0),
('EMP95', '2024-06-06', 8, 0),
('EMP95', '2024-06-07', 7, 0),
('EMP95', '2024-07-29', 8, 0),
('EMP95', '2024-07-30', 8, 0),
('EMP96', '2024-06-01', 6, 0),
('EMP96', '2024-06-02', 8, 0),
('EMP96', '2024-06-06', 8, 0),
('EMP96', '2024-06-07', 7, 0),
('EMP96', '2024-07-29', 8, 0),
('EMP96', '2024-07-30', 8, 0),
('EMP97', '2024-06-01', 6, 0),
('EMP97', '2024-06-02', 8, 0),
('EMP97', '2024-06-06', 8, 0),
('EMP97', '2024-06-07', 7, 0),
('EMP97', '2024-07-29', 8, 0),
('EMP97', '2024-07-30', 8, 0),
('EMP98', '2024-06-01', 6, 0),
('EMP98', '2024-06-02', 8, 0),
('EMP98', '2024-06-06', 8, 0),
('EMP98', '2024-06-07', 7, 0),
('EMP98', '2024-07-29', 8, 0),
('EMP98', '2024-07-30', 8, 0),
('EMP99', '2024-06-01', 6, 0),
('EMP99', '2024-06-02', 8, 0),
('EMP99', '2024-06-06', 8, 0),
('EMP99', '2024-06-07', 7, 0),
('EMP99', '2024-07-29', 8, 0),
('EMP99', '2024-07-30', 8, 0);

-- --------------------------------------------------------

--
-- Table structure for table `employee`
--

CREATE TABLE `employee` (
  `empId` varchar(11) NOT NULL,
  `empName` varchar(255) DEFAULT NULL,
  `empAge` int(11) DEFAULT NULL,
  `empLevel` varchar(50) DEFAULT NULL,
  `empPassword` varchar(255) DEFAULT NULL
) ENGINE=InnoDB DEFAULT CHARSET=utf8mb4 COLLATE=utf8mb4_general_ci;

--
-- Dumping data for table `employee`
--

INSERT INTO `employee` (`empId`, `empName`, `empAge`, `empLevel`, `empPassword`) VALUES
('EMP1', 'John Doe', 25, 'Level1', 'password123'),
('EMP10', 'Olivia Anderson', 31, 'Level1', 'password123'),
('EMP100', 'Jack Cook', 24, 'Level2', 'password123'),
('EMP101', 'John Doe', 25, 'Level3', 'password123'),
('EMP102', 'Jane Smith', 30, 'Level3', 'password123'),
('EMP103', 'Michael Johnson', 22, 'Level3', 'password123'),
('EMP104', 'Emily Davis', 28, 'Level3', 'password123'),
('EMP105', 'William Brown', 26, 'Level3', 'password123'),
('EMP106', 'Jessica Miller', 29, 'Level3', 'password123'),
('EMP107', 'Daniel Wilson', 24, 'Level3', 'password123'),
('EMP108', 'Matthew Moore', 27, 'Level3', 'password123'),
('EMP109', 'Sophia Taylor', 23, 'Level3', 'password123'),
('EMP11', 'David Thomas', 32, 'Level1', 'password123'),
('EMP110', 'Olivia Anderson', 31, 'Level3', 'password123'),
('EMP111', 'David Thomas', 32, 'Level3', 'password123'),
('EMP112', 'Emma Jackson', 21, 'Level3', 'password123'),
('EMP113', 'James White', 34, 'Level3', 'password123'),
('EMP114', 'Ava Harris', 33, 'Level3', 'password123'),
('EMP115', 'Isabella Martin', 35, 'Level3', 'password123'),
('EMP116', 'Mia Thompson', 29, 'Level3', 'password123'),
('EMP117', 'Alexander Garcia', 28, 'Level3', 'password123'),
('EMP118', 'Charlotte Martinez', 27, 'Level3', 'password123'),
('EMP119', 'Lucas Robinson', 26, 'Level3', 'password123'),
('EMP12', 'Emma Jackson', 21, 'Level1', 'password123'),
('EMP120', 'Mason Clark', 25, 'Level3', 'password123'),
('EMP121', 'Benjamin Rodriguez', 24, 'Level3', 'password123'),
('EMP122', 'Ella Lewis', 23, 'Level3', 'password123'),
('EMP123', 'James Walker', 22, 'Level3', 'password123'),
('EMP124', 'Oliver Hall', 21, 'Level3', 'password123'),
('EMP125', 'Henry Young', 30, 'Level3', 'password123'),
('EMP126', 'Harper King', 31, 'Level3', 'password123'),
('EMP127', 'Amelia Wright', 32, 'Level3', 'password123'),
('EMP128', 'Scarlett Scott', 33, 'Level3', 'password123'),
('EMP129', 'Jack Green', 34, 'Level3', 'password123'),
('EMP13', 'James White', 34, 'Level1', 'password123'),
('EMP130', 'Samuel Adams', 35, 'Level3', 'password123'),
('EMP131', 'Noah Baker', 28, 'Level3', 'password123'),
('EMP132', 'Lucas Hill', 27, 'Level3', 'password123'),
('EMP133', 'Liam Gonzalez', 26, 'Level3', 'password123'),
('EMP134', 'Elijah Nelson', 25, 'Level3', 'password123'),
('EMP135', 'Aiden Carter', 24, 'Level3', 'password123'),
('EMP136', 'Logan Mitchell', 23, 'Level3', 'password123'),
('EMP137', 'Jacob Perez', 22, 'Level3', 'password123'),
('EMP138', 'Levi Roberts', 21, 'Level3', 'password123'),
('EMP139', 'Michael Turner', 30, 'Level3', 'password123'),
('EMP14', 'Ava Harris', 33, 'Level1', 'password123'),
('EMP140', 'Daniel Phillips', 31, 'Level3', 'password123'),
('EMP141', 'Henry Campbell', 32, 'Level3', 'password123'),
('EMP142', 'Sophia Parker', 33, 'Level3', 'password123'),
('EMP143', 'Emma Evans', 34, 'Level3', 'password123'),
('EMP144', 'Olivia Edwards', 35, 'Level3', 'password123'),
('EMP145', 'Ava Collins', 29, 'Level3', 'password123'),
('EMP146', 'Mia Stewart', 28, 'Level3', 'password123'),
('EMP147', 'Amelia Morris', 27, 'Level3', 'password123'),
('EMP148', 'Harper Rogers', 26, 'Level3', 'password123'),
('EMP149', 'Charlotte Reed', 25, 'Level3', 'password123'),
('EMP15', 'Isabella Martin', 35, 'Level1', 'password123'),
('EMP150', 'Jack Cook', 24, 'Level3', 'password123'),
('EMP16', 'Mia Thompson', 29, 'Level1', 'password123'),
('EMP17', 'Alexander Garcia', 28, 'Level1', 'password123'),
('EMP18', 'Charlotte Martinez', 27, 'Level1', 'password123'),
('EMP19', 'Lucas Robinson', 26, 'Level1', 'password123'),
('EMP2', 'Jane Smith', 30, 'Level1', 'password123'),
('EMP20', 'Mason Clark', 25, 'Level1', 'password123'),
('EMP21', 'Benjamin Rodriguez', 24, 'Level1', 'password123'),
('EMP22', 'Ella Lewis', 23, 'Level1', 'password123'),
('EMP23', 'James Walker', 22, 'Level1', 'password123'),
('EMP24', 'Oliver Hall', 21, 'Level1', 'password123'),
('EMP25', 'Henry Young', 30, 'Level1', 'password123'),
('EMP26', 'Harper King', 31, 'Level1', 'password123'),
('EMP27', 'Amelia Wright', 32, 'Level1', 'password123'),
('EMP28', 'Scarlett Scott', 33, 'Level1', 'password123'),
('EMP29', 'Jack Green', 34, 'Level1', 'password123'),
('EMP3', 'Michael Johnson', 22, 'Level1', 'password123'),
('EMP30', 'Samuel Adams', 35, 'Level1', 'password123'),
('EMP31', 'Noah Baker', 28, 'Level1', 'password123'),
('EMP32', 'Lucas Hill', 27, 'Level1', 'password123'),
('EMP33', 'Liam Gonzalez', 26, 'Level1', 'password123'),
('EMP34', 'Elijah Nelson', 25, 'Level1', 'password123'),
('EMP35', 'Aiden Carter', 24, 'Level1', 'password123'),
('EMP36', 'Logan Mitchell', 23, 'Level1', 'password123'),
('EMP37', 'Jacob Perez', 22, 'Level1', 'password123'),
('EMP38', 'Levi Roberts', 21, 'Level1', 'password123'),
('EMP39', 'Michael Turner', 30, 'Level1', 'password123'),
('EMP4', 'Emily Davis', 28, 'Level1', 'password123'),
('EMP40', 'Daniel Phillips', 31, 'Level1', 'password123'),
('EMP41', 'Henry Campbell', 32, 'Level1', 'password123'),
('EMP42', 'Sophia Parker', 33, 'Level1', 'password123'),
('EMP43', 'Emma Evans', 34, 'Level1', 'password123'),
('EMP44', 'Olivia Edwards', 35, 'Level1', 'password123'),
('EMP45', 'Ava Collins', 29, 'Level1', 'password123'),
('EMP46', 'Mia Stewart', 28, 'Level1', 'password123'),
('EMP47', 'Amelia Morris', 27, 'Level1', 'password123'),
('EMP48', 'Harper Rogers', 26, 'Level1', 'password123'),
('EMP49', 'Charlotte Reed', 25, 'Level1', 'password123'),
('EMP5', 'William Brown', 26, 'Level1', 'password123'),
('EMP50', 'Jack Cook', 24, 'Level1', 'password123'),
('EMP51', 'John Doe', 25, 'Level2', 'password123'),
('EMP52', 'Jane Smith', 30, 'Level2', 'password123'),
('EMP53', 'Michael Johnson', 22, 'Level2', 'password123'),
('EMP54', 'Emily Davis', 28, 'Level2', 'password123'),
('EMP55', 'William Brown', 26, 'Level2', 'password123'),
('EMP56', 'Jessica Miller', 29, 'Level2', 'password123'),
('EMP57', 'Daniel Wilson', 24, 'Level2', 'password123'),
('EMP58', 'Matthew Moore', 27, 'Level2', 'password123'),
('EMP59', 'Sophia Taylor', 23, 'Level2', 'password123'),
('EMP6', 'Jessica Miller', 29, 'Level1', 'password123'),
('EMP60', 'Olivia Anderson', 31, 'Level2', 'password123'),
('EMP61', 'David Thomas', 32, 'Level2', 'password123'),
('EMP62', 'Emma Jackson', 21, 'Level2', 'password123'),
('EMP63', 'James White', 34, 'Level2', 'password123'),
('EMP64', 'Ava Harris', 33, 'Level2', 'password123'),
('EMP65', 'Isabella Martin', 35, 'Level2', 'password123'),
('EMP66', 'Mia Thompson', 29, 'Level2', 'password123'),
('EMP67', 'Alexander Garcia', 28, 'Level2', 'password123'),
('EMP68', 'Charlotte Martinez', 27, 'Level2', 'password123'),
('EMP69', 'Lucas Robinson', 26, 'Level2', 'password123'),
('EMP7', 'Daniel Wilson', 24, 'Level1', 'password123'),
('EMP70', 'Mason Clark', 25, 'Level2', 'password123'),
('EMP71', 'Benjamin Rodriguez', 24, 'Level2', 'password123'),
('EMP72', 'Ella Lewis', 23, 'Level2', 'password123'),
('EMP73', 'James Walker', 22, 'Level2', 'password123'),
('EMP74', 'Oliver Hall', 21, 'Level2', 'password123'),
('EMP75', 'Henry Young', 30, 'Level2', 'password123'),
('EMP76', 'Harper King', 31, 'Level2', 'password123'),
('EMP77', 'Amelia Wright', 32, 'Level2', 'password123'),
('EMP78', 'Scarlett Scott', 33, 'Level2', 'password123'),
('EMP79', 'Jack Green', 34, 'Level2', 'password123'),
('EMP8', 'Matthew Moore', 27, 'Level1', 'password123'),
('EMP80', 'Samuel Adams', 35, 'Level2', 'password123'),
('EMP81', 'Noah Baker', 28, 'Level2', 'password123'),
('EMP82', 'Lucas Hill', 27, 'Level2', 'password123'),
('EMP83', 'Liam Gonzalez', 26, 'Level2', 'password123'),
('EMP84', 'Elijah Nelson', 25, 'Level2', 'password123'),
('EMP85', 'Aiden Carter', 24, 'Level2', 'password123'),
('EMP86', 'Logan Mitchell', 23, 'Level2', 'password123'),
('EMP87', 'Jacob Perez', 22, 'Level2', 'password123'),
('EMP88', 'Levi Roberts', 21, 'Level2', 'password123'),
('EMP89', 'Michael Turner', 30, 'Level2', 'password123'),
('EMP9', 'Sophia Taylor', 23, 'Level1', 'password123'),
('EMP90', 'Daniel Phillips', 31, 'Level2', 'password123'),
('EMP91', 'Henry Campbell', 32, 'Level2', 'password123'),
('EMP92', 'Sophia Parker', 33, 'Level2', 'password123'),
('EMP93', 'Emma Evans', 34, 'Level2', 'password123'),
('EMP94', 'Olivia Edwards', 35, 'Level2', 'password123'),
('EMP95', 'Ava Collins', 29, 'Level2', 'password123'),
('EMP96', 'Mia Stewart', 28, 'Level2', 'password123'),
('EMP97', 'Amelia Morris', 27, 'Level2', 'password123'),
('EMP98', 'Harper Rogers', 26, 'Level2', 'password123'),
('EMP99', 'Charlotte Reed', 25, 'Level2', 'password123');

-- --------------------------------------------------------

--
-- Table structure for table `leaveapply`
--

CREATE TABLE `leaveapply` (
  `leaveId` int(11) NOT NULL,
  `empId` varchar(10) DEFAULT NULL,
  `startDate` date DEFAULT NULL,
  `endDate` date DEFAULT NULL,
  `leaveDescription` varchar(255) DEFAULT NULL,
  `leaveStatus` varchar(50) DEFAULT NULL
) ENGINE=InnoDB DEFAULT CHARSET=utf8mb4 COLLATE=utf8mb4_general_ci;

--
-- Dumping data for table `leaveapply`
--

INSERT INTO `leaveapply` (`leaveId`, `empId`, `startDate`, `endDate`, `leaveDescription`, `leaveStatus`) VALUES
(39, 'EMP002', '2024-08-15', '2024-09-17', 'vacation', 'pending'),
(40, 'EMP003', '2024-08-20', '2024-09-22', 'sick leave', 'approved'),
(41, 'EMP004', '2024-08-10', '2024-09-11', 'personal leave', 'pending'),
(42, 'EMP005', '2024-08-25', '2024-09-26', 'training', 'approved'),
(43, 'EMP006', '2024-08-03', '2024-09-05', 'maternity leave', 'approved'),
(44, 'EMP007', '2024-08-08', '2024-09-10', 'paternity leave', 'pending'),
(45, 'EMP008', '2024-08-12', '2024-09-13', 'sick leave', 'approved'),
(46, 'EMP009', '2024-08-19', '2024-09-21', 'vacation', 'pending'),
(47, 'EMP010', '2024-08-22', '2024-09-30', 'personal leave', 'approved'),
(48, 'EMP011', '2024-08-05', '2024-09-30', 'training', 'rejected'),
(49, 'EMP012', '2024-08-28', '2024-09-29', 'maternity leave', 'approved'),
(50, 'EMP013', '2024-08-14', '2024-09-15', 'paternity leave', 'pending'),
(51, 'EMP014', '2024-08-17', '2024-09-28', 'sick leave', 'approved'),
(52, 'EMP015', '2024-08-23', '2024-09-24', 'vacation', 'pending'),
(53, 'EMP016', '2024-08-07', '2024-09-29', 'personal leave', 'approved'),
(54, 'EMP017', '2024-08-11', '2024-09-29', 'training', 'approved'),
(55, 'EMP018', '2024-08-26', '2024-09-27', 'maternity leave', 'approved'),
(56, 'EMP019', '2024-08-01', '2024-09-02', 'paternity leave', 'pending'),
(57, 'EMP020', '2024-08-29', '2024-09-30', 'sick leave', 'approved'),
(58, 'EMP1', '2024-05-30', '2024-05-31', 'Test Leave', 'rejected');

-- --------------------------------------------------------

--
-- Table structure for table `salary`
--

CREATE TABLE `salary` (
  `empId` varchar(10) NOT NULL,
  `totalWorkHours` int(11) DEFAULT NULL,
  `totalOverTimeHours` int(11) DEFAULT NULL,
  `workHoursRate` int(11) DEFAULT NULL,
  `overTimeHoursRate` int(11) DEFAULT NULL,
  `bonus` int(11) DEFAULT NULL,
  `description` text DEFAULT NULL,
  `total` int(11) DEFAULT NULL,
  `month` varchar(10) NOT NULL
) ENGINE=InnoDB DEFAULT CHARSET=utf8mb4 COLLATE=utf8mb4_general_ci;

--
-- Dumping data for table `salary`
--

INSERT INTO `salary` (`empId`, `totalWorkHours`, `totalOverTimeHours`, `workHoursRate`, `overTimeHoursRate`, `bonus`, `description`, `total`, `month`) VALUES
('EMP1', 249, 16, 290, 350, 1000, 'special bonus!', 78810, '2024-07'),
('EMP10', 16, 0, 290, 350, 1000, 'special bonus!', 5640, '2024-07'),
('EMP100', 16, 0, 400, 450, 1000, 'special bonus!', 7400, '2024-07'),
('EMP101', 16, 0, 500, 550, 1000, 'special bonus!', 9000, '2024-07'),
('EMP102', 16, 0, 500, 550, 1000, 'special bonus!', 9000, '2024-07'),
('EMP103', 16, 0, 500, 550, 1000, 'special bonus!', 9000, '2024-07'),
('EMP104', 16, 0, 500, 550, 1000, 'special bonus!', 9000, '2024-07'),
('EMP105', 16, 0, 500, 550, 1000, 'special bonus!', 9000, '2024-07'),
('EMP106', 16, 0, 500, 550, 1000, 'special bonus!', 9000, '2024-07'),
('EMP107', 16, 0, 500, 550, 1000, 'special bonus!', 9000, '2024-07'),
('EMP108', 16, 0, 500, 550, 1000, 'special bonus!', 9000, '2024-07'),
('EMP109', 16, 0, 500, 550, 1000, 'special bonus!', 9000, '2024-07'),
('EMP11', 16, 0, 290, 350, 1000, 'special bonus!', 5640, '2024-07'),
('EMP110', 16, 0, 500, 550, 1000, 'special bonus!', 9000, '2024-07'),
('EMP111', 16, 0, 500, 550, 1000, 'special bonus!', 9000, '2024-07'),
('EMP112', 16, 0, 500, 550, 1000, 'special bonus!', 9000, '2024-07'),
('EMP113', 16, 0, 500, 550, 1000, 'special bonus!', 9000, '2024-07'),
('EMP114', 16, 0, 500, 550, 1000, 'special bonus!', 9000, '2024-07'),
('EMP115', 16, 0, 500, 550, 1000, 'special bonus!', 9000, '2024-07'),
('EMP116', 16, 0, 500, 550, 1000, 'special bonus!', 9000, '2024-07'),
('EMP117', 16, 0, 500, 550, 1000, 'special bonus!', 9000, '2024-07'),
('EMP118', 16, 0, 500, 550, 1000, 'special bonus!', 9000, '2024-07'),
('EMP119', 16, 0, 500, 550, 1000, 'special bonus!', 9000, '2024-07'),
('EMP12', 16, 0, 290, 350, 1000, 'special bonus!', 5640, '2024-07'),
('EMP120', 16, 0, 500, 550, 1000, 'special bonus!', 9000, '2024-07'),
('EMP121', 16, 0, 500, 550, 1000, 'special bonus!', 9000, '2024-07'),
('EMP122', 16, 0, 500, 550, 1000, 'special bonus!', 9000, '2024-07'),
('EMP123', 16, 0, 500, 550, 1000, 'special bonus!', 9000, '2024-07'),
('EMP124', 16, 0, 500, 550, 1000, 'special bonus!', 9000, '2024-07'),
('EMP125', 16, 0, 500, 550, 1000, 'special bonus!', 9000, '2024-07'),
('EMP126', 16, 0, 500, 550, 1000, 'special bonus!', 9000, '2024-07'),
('EMP127', 16, 0, 500, 550, 1000, 'special bonus!', 9000, '2024-07'),
('EMP128', 16, 0, 500, 550, 1000, 'special bonus!', 9000, '2024-07'),
('EMP129', 16, 0, 500, 550, 1000, 'special bonus!', 9000, '2024-07'),
('EMP13', 16, 0, 290, 350, 1000, 'special bonus!', 5640, '2024-07'),
('EMP130', 16, 0, 500, 550, 1000, 'special bonus!', 9000, '2024-07'),
('EMP131', 16, 0, 500, 550, 1000, 'special bonus!', 9000, '2024-07'),
('EMP132', 16, 0, 500, 550, 1000, 'special bonus!', 9000, '2024-07'),
('EMP133', 16, 0, 500, 550, 1000, 'special bonus!', 9000, '2024-07'),
('EMP134', 16, 0, 500, 550, 1000, 'special bonus!', 9000, '2024-07'),
('EMP135', 16, 0, 500, 550, 1000, 'special bonus!', 9000, '2024-07'),
('EMP136', 16, 0, 500, 550, 1000, 'special bonus!', 9000, '2024-07'),
('EMP137', 16, 0, 500, 550, 1000, 'special bonus!', 9000, '2024-07'),
('EMP138', 16, 0, 500, 550, 1000, 'special bonus!', 9000, '2024-07'),
('EMP139', 16, 0, 500, 550, 1000, 'special bonus!', 9000, '2024-07'),
('EMP14', 16, 0, 290, 350, 1000, 'special bonus!', 5640, '2024-07'),
('EMP140', 16, 0, 500, 550, 1000, 'special bonus!', 9000, '2024-07'),
('EMP141', 16, 0, 500, 550, 1000, 'special bonus!', 9000, '2024-07'),
('EMP142', 16, 0, 500, 550, 1000, 'special bonus!', 9000, '2024-07'),
('EMP143', 16, 0, 500, 550, 1000, 'special bonus!', 9000, '2024-07'),
('EMP144', 16, 0, 500, 550, 1000, 'special bonus!', 9000, '2024-07'),
('EMP145', 16, 0, 500, 550, 1000, 'special bonus!', 9000, '2024-07'),
('EMP146', 16, 0, 500, 550, 1000, 'special bonus!', 9000, '2024-07'),
('EMP147', 16, 0, 500, 550, 1000, 'special bonus!', 9000, '2024-07'),
('EMP148', 16, 0, 500, 550, 1000, 'special bonus!', 9000, '2024-07'),
('EMP149', 16, 0, 500, 550, 1000, 'special bonus!', 9000, '2024-07'),
('EMP15', 16, 0, 290, 350, 1000, 'special bonus!', 5640, '2024-07'),
('EMP150', 16, 0, 500, 550, 1000, 'special bonus!', 9000, '2024-07'),
('EMP16', 16, 0, 290, 350, 1000, 'special bonus!', 5640, '2024-07'),
('EMP17', 16, 0, 290, 350, 1000, 'special bonus!', 5640, '2024-07'),
('EMP18', 16, 0, 290, 350, 1000, 'special bonus!', 5640, '2024-07'),
('EMP19', 16, 0, 290, 350, 1000, 'special bonus!', 5640, '2024-07'),
('EMP2', 248, 28, 290, 350, 1000, 'special bonus!', 82720, '2024-07'),
('EMP20', 16, 0, 290, 350, 1000, 'special bonus!', 5640, '2024-07'),
('EMP21', 16, 0, 290, 350, 1000, 'special bonus!', 5640, '2024-07'),
('EMP22', 16, 0, 290, 350, 1000, 'special bonus!', 5640, '2024-07'),
('EMP23', 16, 0, 290, 350, 1000, 'special bonus!', 5640, '2024-07'),
('EMP24', 16, 0, 290, 350, 1000, 'special bonus!', 5640, '2024-07'),
('EMP25', 16, 0, 290, 350, 1000, 'special bonus!', 5640, '2024-07'),
('EMP26', 16, 0, 290, 350, 1000, 'special bonus!', 5640, '2024-07'),
('EMP27', 16, 0, 290, 350, 1000, 'special bonus!', 5640, '2024-07'),
('EMP28', 16, 0, 290, 350, 1000, 'special bonus!', 5640, '2024-07'),
('EMP29', 16, 0, 290, 350, 1000, 'special bonus!', 5640, '2024-07'),
('EMP3', 16, 0, 290, 350, 1000, 'special bonus!', 5640, '2024-07'),
('EMP30', 16, 0, 290, 350, 1000, 'special bonus!', 5640, '2024-07'),
('EMP31', 16, 0, 290, 350, 1000, 'special bonus!', 5640, '2024-07'),
('EMP32', 16, 0, 290, 350, 1000, 'special bonus!', 5640, '2024-07'),
('EMP33', 16, 0, 290, 350, 1000, 'special bonus!', 5640, '2024-07'),
('EMP34', 16, 0, 290, 350, 1000, 'special bonus!', 5640, '2024-07'),
('EMP35', 16, 0, 290, 350, 1000, 'special bonus!', 5640, '2024-07'),
('EMP36', 16, 0, 290, 350, 1000, 'special bonus!', 5640, '2024-07'),
('EMP37', 16, 0, 290, 350, 1000, 'special bonus!', 5640, '2024-07'),
('EMP38', 16, 0, 290, 350, 1000, 'special bonus!', 5640, '2024-07'),
('EMP39', 16, 0, 290, 350, 1000, 'special bonus!', 5640, '2024-07'),
('EMP4', 16, 3, 290, 350, 1000, 'special bonus!', 6690, '2024-07'),
('EMP40', 16, 0, 290, 350, 1000, 'special bonus!', 5640, '2024-07'),
('EMP41', 16, 0, 290, 350, 1000, 'special bonus!', 5640, '2024-07'),
('EMP42', 16, 0, 290, 350, 1000, 'special bonus!', 5640, '2024-07'),
('EMP43', 16, 0, 290, 350, 1000, 'special bonus!', 5640, '2024-07'),
('EMP44', 16, 0, 290, 350, 1000, 'special bonus!', 5640, '2024-07'),
('EMP45', 16, 0, 290, 350, 1000, 'special bonus!', 5640, '2024-07'),
('EMP46', 16, 0, 290, 350, 1000, 'special bonus!', 5640, '2024-07'),
('EMP47', 16, 0, 290, 350, 1000, 'special bonus!', 5640, '2024-07'),
('EMP48', 16, 0, 290, 350, 1000, 'special bonus!', 5640, '2024-07'),
('EMP49', 16, 0, 290, 350, 1000, 'special bonus!', 5640, '2024-07'),
('EMP5', 16, 0, 290, 350, 1000, 'special bonus!', 5640, '2024-07'),
('EMP50', 16, 0, 290, 350, 1000, 'special bonus!', 5640, '2024-07'),
('EMP51', 16, 0, 400, 450, 1000, 'special bonus!', 7400, '2024-07'),
('EMP52', 16, 0, 400, 450, 1000, 'special bonus!', 7400, '2024-07'),
('EMP53', 16, 0, 400, 450, 1000, 'special bonus!', 7400, '2024-07'),
('EMP54', 16, 0, 400, 450, 1000, 'special bonus!', 7400, '2024-07'),
('EMP55', 16, 0, 400, 450, 1000, 'special bonus!', 7400, '2024-07'),
('EMP56', 16, 0, 400, 450, 1000, 'special bonus!', 7400, '2024-07'),
('EMP57', 16, 0, 400, 450, 1000, 'special bonus!', 7400, '2024-07'),
('EMP58', 16, 0, 400, 450, 1000, 'special bonus!', 7400, '2024-07'),
('EMP59', 16, 0, 400, 450, 1000, 'special bonus!', 7400, '2024-07'),
('EMP6', 16, 0, 290, 350, 1000, 'special bonus!', 5640, '2024-07'),
('EMP60', 16, 0, 400, 450, 1000, 'special bonus!', 7400, '2024-07'),
('EMP61', 16, 0, 400, 450, 1000, 'special bonus!', 7400, '2024-07'),
('EMP62', 16, 0, 400, 450, 1000, 'special bonus!', 7400, '2024-07'),
('EMP63', 16, 0, 400, 450, 1000, 'special bonus!', 7400, '2024-07'),
('EMP64', 16, 0, 400, 450, 1000, 'special bonus!', 7400, '2024-07'),
('EMP65', 16, 0, 400, 450, 1000, 'special bonus!', 7400, '2024-07'),
('EMP66', 16, 0, 400, 450, 1000, 'special bonus!', 7400, '2024-07'),
('EMP67', 16, 0, 400, 450, 1000, 'special bonus!', 7400, '2024-07'),
('EMP68', 16, 0, 400, 450, 1000, 'special bonus!', 7400, '2024-07'),
('EMP69', 16, 0, 400, 450, 1000, 'special bonus!', 7400, '2024-07'),
('EMP7', 16, 0, 290, 350, 1000, 'special bonus!', 5640, '2024-07'),
('EMP70', 16, 0, 400, 450, 1000, 'special bonus!', 7400, '2024-07'),
('EMP71', 16, 0, 400, 450, 1000, 'special bonus!', 7400, '2024-07'),
('EMP72', 16, 0, 400, 450, 1000, 'special bonus!', 7400, '2024-07'),
('EMP73', 16, 0, 400, 450, 1000, 'special bonus!', 7400, '2024-07'),
('EMP74', 16, 0, 400, 450, 1000, 'special bonus!', 7400, '2024-07'),
('EMP75', 16, 0, 400, 450, 1000, 'special bonus!', 7400, '2024-07'),
('EMP76', 16, 0, 400, 450, 1000, 'special bonus!', 7400, '2024-07'),
('EMP77', 16, 0, 400, 450, 1000, 'special bonus!', 7400, '2024-07'),
('EMP78', 16, 0, 400, 450, 1000, 'special bonus!', 7400, '2024-07'),
('EMP79', 16, 0, 400, 450, 1000, 'special bonus!', 7400, '2024-07'),
('EMP8', 16, 0, 290, 350, 1000, 'special bonus!', 5640, '2024-07'),
('EMP80', 16, 0, 400, 450, 1000, 'special bonus!', 7400, '2024-07'),
('EMP81', 16, 0, 400, 450, 1000, 'special bonus!', 7400, '2024-07'),
('EMP82', 16, 0, 400, 450, 1000, 'special bonus!', 7400, '2024-07'),
('EMP83', 16, 0, 400, 450, 1000, 'special bonus!', 7400, '2024-07'),
('EMP84', 16, 0, 400, 450, 1000, 'special bonus!', 7400, '2024-07'),
('EMP85', 16, 0, 400, 450, 1000, 'special bonus!', 7400, '2024-07'),
('EMP86', 16, 0, 400, 450, 1000, 'special bonus!', 7400, '2024-07'),
('EMP87', 16, 0, 400, 450, 1000, 'special bonus!', 7400, '2024-07'),
('EMP88', 16, 0, 400, 450, 1000, 'special bonus!', 7400, '2024-07'),
('EMP89', 16, 0, 400, 450, 1000, 'special bonus!', 7400, '2024-07'),
('EMP9', 16, 0, 290, 350, 1000, 'special bonus!', 5640, '2024-07'),
('EMP90', 16, 0, 400, 450, 1000, 'special bonus!', 7400, '2024-07'),
('EMP91', 16, 0, 400, 450, 1000, 'special bonus!', 7400, '2024-07'),
('EMP92', 16, 0, 400, 450, 1000, 'special bonus!', 7400, '2024-07'),
('EMP93', 16, 0, 400, 450, 1000, 'special bonus!', 7400, '2024-07'),
('EMP94', 16, 0, 400, 450, 1000, 'special bonus!', 7400, '2024-07'),
('EMP95', 16, 0, 400, 450, 1000, 'special bonus!', 7400, '2024-07'),
('EMP96', 16, 0, 400, 450, 1000, 'special bonus!', 7400, '2024-07'),
('EMP97', 16, 0, 400, 450, 1000, 'special bonus!', 7400, '2024-07'),
('EMP98', 16, 0, 400, 450, 1000, 'special bonus!', 7400, '2024-07'),
('EMP99', 16, 0, 400, 450, 1000, 'special bonus!', 7400, '2024-07');

-- --------------------------------------------------------

--
-- Table structure for table `salaryrate`
--

CREATE TABLE `salaryrate` (
  `level` varchar(255) NOT NULL,
  `workHoursRate` int(255) NOT NULL,
  `overTimeHoursRate` int(255) NOT NULL
) ENGINE=InnoDB DEFAULT CHARSET=utf8mb4 COLLATE=utf8mb4_general_ci;

--
-- Dumping data for table `salaryrate`
--

INSERT INTO `salaryrate` (`level`, `workHoursRate`, `overTimeHoursRate`) VALUES
('Level1', 290, 350),
('Level2', 400, 450),
('Level3', 500, 550);

--
-- Indexes for dumped tables
--

--
-- Indexes for table `attendance`
--
ALTER TABLE `attendance`
  ADD PRIMARY KEY (`empId`,`date`);

--
-- Indexes for table `employee`
--
ALTER TABLE `employee`
  ADD PRIMARY KEY (`empId`);

--
-- Indexes for table `leaveapply`
--
ALTER TABLE `leaveapply`
  ADD PRIMARY KEY (`leaveId`);

--
-- Indexes for table `salary`
--
ALTER TABLE `salary`
  ADD PRIMARY KEY (`empId`,`month`);

--
-- AUTO_INCREMENT for dumped tables
--

--
-- AUTO_INCREMENT for table `leaveapply`
--
ALTER TABLE `leaveapply`
  MODIFY `leaveId` int(11) NOT NULL AUTO_INCREMENT, AUTO_INCREMENT=59;
COMMIT;

/*!40101 SET CHARACTER_SET_CLIENT=@OLD_CHARACTER_SET_CLIENT */;
/*!40101 SET CHARACTER_SET_RESULTS=@OLD_CHARACTER_SET_RESULTS */;
/*!40101 SET COLLATION_CONNECTION=@OLD_COLLATION_CONNECTION */;
